text	final_span
#rashmikamandhana  bad girl	[]
#‡≤?‡≤¶‡≥Å ‡≤?‡≤∞‡≤ø‡≤§‡≥ç‡≤∞‡≥? ‡≤∏‡≥ç‡≤∞‡≥?‡≤∑‡≥ç‡≤?‡≤ø‡≤∏‡≥Å‡≤µ ‡≤?‡≤µ‡≤§‡≤æ‡≤∞ nBaground music ?§∫?§?	"[4, 6]"
@#win 12 nodidini sir	[]
@A.R.W   tumbad tanhaji andhadhun aise bahot hai pr kisiko btake koi faida nahi logome Bollywood ke liye nafart bhari hai ... kisi bhi south indian movies/ songs  pe ja comments dekh kitni nafrat bhari hai hindi walose	[]
@Ajaya shetty sari bidi	[]
@Avinashdada kichcha neenu nange alveno huttirodu nan bale koose respect fathers my waste sperms all bale pans nam balegaran hendthi malayalee maneli oble avalanthe hogi avl kari thulna kelike biddange nekku thuldeepanan pan agidukku saarthka agutte puccha pans for a reason ?§£?§™	"[6, 7, 8, 9, 10, 11, 12, 13, 14, 15, 16, 17, 18, 19, 20, 21, 22, 23, 24, 25, 26, 27, 28, 29, 30, 31, 32, 33, 34, 35, 37]"
@Bhavya S M   Duet	[]
@Dayananda C howda BJP yavaru kadime kallara mate yaddiyuvarappa  yake jailge hogi bandru . 15 minister jailge hogidyake?? nNin first corectagi artha madka first	"[7, 8, 9, 10, 11, 12, 13, 14, 15, 16, 17, 18, 19, 20, 21, 22, 23]"
@Deekshit Chandra ‡≤®‡≤æ‡≤µ‡≥Å ‡≤?‡≤°‡≥Å‡≤™‡≤ø ‡≤?‡≤°‡≥?‡≤Ø‡≤µ‡≤∞‡≥?	"[3, 4]"
@Gaurish Akki Studio  please all over karnatakadalli 150 theater alli re release maadodakke heli diya movie annu	[]
@Kartik GONEPPANAVAR Kartik GONEPPANAVAR fttc	"[3, 4]"
@Kiccha Vitthal ‡≤®‡≤ø‡≤Æ‡≥ç‡≤Æ ‡≤π‡≥?‡≤µ‡≤æ‡≤®‡≥ç ‡≤´‡≥ç‡≤≤‡≤æ‡≤™‡≥ç	[]
@Kiccha Vitthal ‡≤¨‡≤≥‡≥?‡≤?‡≤æ‡≤∞ ‡≤´‡≥ç‡≤Ø‡≤æ‡≤® ‡≤?	[]
@King of King tika muchkond hogo gandu	[6]
@Kiran R  ‡≤∏‡≤ø‡≤®‡≤ø‡≤Æ‡≤æ  ‡≤®‡≥?‡≤°‡≤ø promotion ‡≤Æ‡≤æ‡≤°‡≤ø	[5]
@Kirankumarkk Gowda ninanthra elllide kithakoke..mathe trimer chahrge ulsakke ee gimicks.sule magne	"[5, 6, 7, 8, 9, 10, 11, 12, 13]"
@Kushal MR nin kano bvc jaatrr	"[4, 5]"
@Mad Titan 8iokkiyhopbrfnllj	[]
@Madan Kumar super	[]
@madhukumar madhukumar ks for a kind information.... audio lunch....?§?	"[2, 3, 5, 6, 7]"
@Mahesh 13 Karnataka dalle bere bhashe movie nodor jaasthi aagidare	"[8, 9]"
@Manohar Hiremath ‡≤®‡≥?‡≤®‡≥ç‡≤§‡≤æ‡≤®‡≥? ‡≤?‡≤∞‡≥ç‡≤?‡≥?‡≤?‡≤°‡≥Å ‡≤§‡≤°‡≥ç‡≤?‡≤≥‡≥ç‡≤≥‡≥?‡≤?‡≥ç‡≤?‡≥? ‡≤?‡≤?‡≥ç‡≤§‡≤æ‡≤Ø‡≤ø‡≤≤‡≥ç‡≤µ‡≤≤‡≥ç‡≤≤ ‡≤π‡≤?‡≥ç‡≤?‡≥?	"[5, 6]"
@Manohar Hiremath ‡≤®‡≥?‡≤°‡≥Å‡≤¶‡≥ç‡≤∞‡≥? ‡≤?‡≥?‡≤§‡≥ç‡≤§‡≤æ‡≤?‡≤≤‡≥ç‡≤µ ‡≤?‡≤∑‡≥ç‡≤?‡≥Å ‡≤?‡≤∞‡≥ç‡≤?‡≥?‡≤?‡≤°‡≤ø‡≤¶‡≥ç‡≤¶‡≥?‡≤Ø	"[4, 5]"
@Manoj Kolya Neenobne heege heltirodna naan Keliddu.. Watch his Trailer and Teasers first	[12]
@Megharaj 1 bro avru all best ellidu d fans ge ne nOdeya	[]
@MOVIES BOX crct bro ‡≤™‡≥?‡≤≤‡≥ç‡≤∏‡≥ç ‡≤Æ‡≥ç‡≤Ø‡≤æ‡≤®‡≥ç ‡≤∞‡≤®‡≥ç‡≤®‡≤ø‡≤?‡≤?‡≥ç ‡≤∏‡≤?‡≥ç‡≤∏‡≤∏‡≥ç‡≤´‡≥Å‡≤≤‡≥ç‡≤≤‡≤ø ‡≤?‡≤®‡≥ç ‡≤?‡≤®‡≤∏‡≥ç (‡≤Æ‡≥Å‡≤?‡≥Å‡≤≥‡≤ø )	"[5, 6, 7, 8, 9, 10]"
@Nandi Parthasarathi  ‡≤Æ‡≥Å‡≤?‡≥ç‡≤?‡≤≤‡≥ç‡≤≤‡≥?.... ‡≤Æ‡≤∞‡≤ø  ‡≤¶‡≥?‡≤°‡≥ç‡≤°‡≤¨‡≤≥‡≥ç‡≤≥‡≤æ‡≤™‡≥Å‡≤∞ ‡≤?‡≤§‡≤ø‡≤π‡≤æ‡≤∏ ‡≤è‡≤®‡≥? ‡≤?‡≥?‡≤§‡≥Å .‡≤∞‡≤æ‡≤?‡≤?‡≤Æ‡≤≤‡≥ç ‡≤?‡≥? ‡≤∏‡≤ø‡≤®‡≤ø‡≤Æ‡≤æ ‡≤π‡≥?‡≤¶‡≥ç‡≤∞‡≥? ‡≤?‡≥ç‡≤≤‡≤ø‡≤®‡≥ç ‡≤?‡≤≤‡≥ç‡≤≤ ‡≤µ‡≤æ‡≤∏‡≤®‡≥?. ‡≤∏‡≤∞‡≤ø‡≤Ø‡≤æ‡≤¶ ‡≤Æ‡≥?‡≤?‡≤?‡≥?‡≤®‡≥ç‡≤∏‡≥ç‡≤∏‡≥ç ‡≤?‡≤≤‡≥ç‡≤≤.  ‡≤?‡≤µ‡≤æ‡≤? ‡≤?‡≤®‡≥ç‡≤®‡≤° ‡≤∏‡≤ø‡≤®‡≤ø‡≤Æ‡≤æ ‡≤π‡≤æ‡≤?‡≥?‡≤°‡≥ç‡≤∞‡≥ç‡≤≤‡≥ç‡≤≤‡≤ø ‡≤®‡≤Æ‡≥ç‡≤Æ‡≤?‡≥? ‡≤?‡≤∑‡≥ç‡≤? ‡≤?‡≤§‡≥ç‡≤§‡≥Å. ‡≤§‡≥?‡≤≤‡≥Å‡≤?‡≥Å  ‡≤∏‡≥?‡≤∞ ‡≤®‡≤∞‡≤∏‡≤ø‡≤?‡≤π ‡≤∞‡≥?‡≤°‡≥ç‡≤°‡≤ø ‡≤π‡≤æ‡≤?‡≤ø‡≤°‡≥?‡≤®‡≥? ‡≤∞‡≤æ‡≤?‡≤?‡≤Æ‡≤≤‡≥ç ‡≤Æ‡≤∞‡≥ç‡≤Ø‡≤æ‡≤¶‡≥? ‡≤®‡≥? ‡≤π‡≥?‡≤Ø‡≤ø‡≤§‡≥Å	"[8, 9, 10, 11, 12, 13, 14, 15, 16, 17, 18, 19, 20, 21, 22, 23, 24, 25, 26, 27, 28, 29, 30, 31, 32, 33]"
@Nandi Parthasarathi chakka ansuthe ninu . gaandu soolemagne	"[4, 5, 6]"
@Nandi Parthasarathi ‡≤?‡≤≤‡≤æ ‡≤π‡≤æ‡≤¶‡≤∞‡≤?‡≤ø‡≤§‡≥ç‡≤§‡≤ø ‡≤®‡≤ø‡≤Æ‡≥ç‡≤Æ‡≤¶‡≥Å ‡≤¶‡≥?‡≤°‡≥ç‡≤° ‡≤§‡≥Å‡≤≤‡≥ç‡≤≤‡≥Å ‡≤¨‡≤ø‡≤°‡≥?	"[5, 6, 7]"
@Nandi Parthasarathi ‡≤®‡≤ø‡≤®‡≥ç ‡≤?‡≤?‡≥ç‡≤?‡≥Å‡≤®‡≥ç	[3]
@Nandi Parthasarathi ‡≤®‡≤ø‡≤®‡≥ç ‡≤§‡≥Å‡≤≤‡≥ç‡≤≤‡≥Å ‡≤?‡≤∞‡≤ø‡≤§..... ‡≤≤‡≥?‡≤?‡≤≤‡≥ç ‡≤?‡≤æ‡≤Ø‡≥ç‡≤∏‡≥ç ‡≤?‡≥Å‡≤°‡≥Å‡≤¶‡≥? ‡≤è‡≤®‡≥ç ‡≤?‡≤ø‡≤§‡≥ç‡≤?‡≥? ‡≤§‡≤ø‡≤Ø... ‡≤¨ ‡≤®‡≤®‡≥ç ‡≤§‡≥Å‡≤£‡≥ç‡≤£‡≤ø ‡≤?‡≤£‡≥ç‡≤£‡≥Å ‡≤π RMD ‡≤®‡≥? ‡≤§‡≤ø‡≤?‡≤¶‡≥?.... ‡≤®‡≤ø‡≤?‡≤?‡≥?‡≤®‡≥Å ‡≤§‡≥Å‡≤≤‡≥ç‡≤≤‡≥Å ‡≤?‡≤∞‡≤ø	"[6, 7, 8, 9, 10, 11, 12, 13, 14, 15, 16, 17, 18, 19, 20, 21]"
@Nandi Parthasarathi ‡≤®‡≤ø‡≤Æ‡≥ç‡≤Æ ‡≤?‡≤™‡≥ç‡≤™ ‡≤¶‡≥?‡≤°‡≥ç ‡≤?‡≤æ‡≤?‡≤°‡≥Å ‡≤∏‡≥?‡≤≥‡≥?‡≤Æ‡≤?	"[4, 5, 6]"
@Nandi Parthasarathi ‡≤∞‡≤?‡≤°‡≤ø	[]
@Nandi Parthasarathienu nan amman akkan andidina thu nina modlu nind nodko nan innu odta idini shoki mado yava necessity nu illa nange....nim appa amma na baydu nan en madli....nKelsa madtini antidya taleli buddi idya en ide ?§£nDarshan bagr helak nen yavanu	"[3, 4, 5, 6, 7, 8, 9, 10, 11, 12, 25, 26, 27, 28, 29, 34, 35]"
@naveen v kudlu elladidre nindu tegedu kodu bvc ninna luccjanige handidu maasa kodu modalu baavali chalpat Singh side actor?§£?§£	[]
@Nithi nithinNav en madvappa....	[]
@Nithya Sudha avaru devategalu devategalige Ella bhashe barutte	[]
@Poojari Avinash pls nivelru movie na promote madi. Insta & fb alli promote madi	[]
@PRAJWAL NAYAK Karnataka bro	[]
@Praveen Kumar caste dog spotted bale pan yar nimammana dagar nau thane d boss fans nimammana dagar madiddu husharagi nodkoli thunne asege yar jotenadru odihodaalu ?§£?§™	"[5, 6, 7, 8, 9, 10, 11, 12, 13, 14, 15, 16, 17, 18, 19, 20, 21, 22, 23, 24, 25, 26]"
@prithvi nayak lo ninu ‡≤?‡≤®‡≥ç‡≤® ‡≤§‡≤ø‡≤?‡≤§‡≥?‡≤Ø‡≤æ ‡≤?‡≤≤‡≥ç‡≤≤‡≤æ ‡≤?‡≤¶‡≥Å ‡≤∞‡≥?‡≤§‡≤®‡≤ø‡≤?‡≤¶ ‡≤?‡≤£‡≥?... ‡≤Ø‡≤æ‡≤∞‡≤®‡≥Å ‡≤?‡≥?‡≤≥‡≤æ‡≤?‡≤ø ‡≤®‡≥?‡≤°‡≥ç‡≤¨‡≥?‡≤°.. standard anbeda bcz nin erode avrinda... adikke nin buddi gottagutte tu respect kodo... lo mari d boss.. nim kichan ginta jasti salary annodu kalko.. nin helid matu enadru auto drivers	"[11, 12, 13, 14, 16, 17, 18, 20, 21, 23, 24, 25, 26, 27, 28, 29, 30, 31, 32, 33, 34, 35, 36, 37, 38, 39, 40, 41, 42, 43]"
@prithvi nayak ‡≤®‡≤ø‡≤Æ‡≥ç‡≤Æ ‡≤?‡≤µ‡≥ç‡≤µ ‡≤?‡≤∞‡≥ç ‡≤π‡≤æ‡≤¶‡≤∞‡≤?‡≤ø‡≤§‡≥ç‡≤§‡≤ø ‡≤?‡≤?‡≤§‡≥? ?§£?§£?§£?§£‡≤?‡≤®‡≥ç ‡≤®‡≥?‡≤?‡≥ç ‡≤?‡≤≥‡≥ç‡≤∏‡≥ç‡≤?‡≥?‡≤°‡≥Å ‡≤®‡≤ø‡≤?‡≤?‡≥? ‡≤§‡≤Æ‡≥ç‡≤Æ ‡≤®‡≥ç‡≤® ‡≤?‡≥?‡≤°‡≥ç‡≤§‡≥?‡≤®‡≤ø... ‡≤≤‡≥? ‡≤?‡≥?‡≤¶‡≥Å bookmyshow alli hogi nodu ‡≤¶‡≤¨‡≤æ‡≤?‡≥ç 3 ‡≤∞‡≥?‡≤?‡≤ø‡≤?‡≤?‡≥ç‡≤∏‡≥ç 63% ede. ‡≤?‡≤®‡≥ç‡≤®‡≥Å ‡≤?‡≤®‡≥ç ‡≤µ‡≥?‡≤?‡≥ç ‡≤?‡≤?‡≤ø‡≤≤‡≥ç‡≤≤ ‡≤§‡≥Å.. ‡≤π‡≥?‡≤?‡≤ø ‡≤?‡≤°‡≥?‡≤Ø ‡≤∞‡≥?‡≤?‡≤ø‡≤?‡≤?‡≥ç‡≤∏‡≥ç ‡≤®‡≥?‡≤°‡≥Å 15 ‡≤°‡≥?‡≤∏‡≥ç ‡≤?‡≤¶‡≥ç‡≤∞‡≥? 80% ‡≤?‡≤¶‡≥?... ‡≤®‡≥?‡≤°‡≥Å ‡≤¨‡≥?‡≤?‡≤æ‡≤¶‡≥ç‡≤∞‡≥? ‡≤?‡≤æ‡≤?‡≤°‡≥Å ‡≤∏‡≥Å‡≤Æ‡≥ç‡≤®‡≥? ‡≤Ø‡≤æ‡≤?‡≥ç ‡≤§‡≤ø‡≤?‡≤æ ‡≤?‡≤∞‡≥ç‡≤?‡≥?‡≤§‡≤ø‡≤Ø ‡≤≤‡≥?‡≤°‡≥?... ‡≤®‡≤ø‡≤Æ‡≥ç‡≤Æ ‡≤≤‡≥Å‡≤?‡≥ç‡≤?‡≤æ continues 4 ‡≤´‡≥ç‡≤≤‡≤æ‡≤™‡≥ç ‡≤´‡≤ø‡≤≤‡≤? ‡≤?‡≥?‡≤?‡≥ç‡≤? ‡≤Ø‡≤æ‡≤™‡≥ç‡≤™‡≤æ ‡≤§‡≥Å ‡≤´‡≥ç‡≤≤‡≤æ‡≤™‡≥ç ‡≤∏‡≥ç‡≤?‡≤æ‡≤∞‡≥ç ‡≤¨‡≤≥‡≥?‡≤?‡≤æ‡≤∞ ?§£?§£?§£?§£?§£..	"[8, 9, 10, 11, 12, 13, 14, 15, 16, 17, 18, 19, 20, 22, 23, 24, 25, 26, 27, 28, 29, 30, 31, 32, 33, 34, 35, 36, 37, 38, 39, 40, 41, 42, 43, 44, 45, 46, 47, 48, 49, 50, 51, 52, 53, 54, 55, 56, 57, 58, 59]"
@RADHA RADHA gn mem	[2]
@Rajesh Rao bari inta comments maadkond koothkoli....thuu inta cinema na kannadadalli prothsaha maadilla anta naachike aagbeku	"[8, 9, 10, 11, 12, 13, 14, 15, 16, 17, 18, 19]"
@sachin Mankar hu bro	[]
@sangeetha.k. chinnu ‡≤∂‡≥? ‡≤?‡≤?‡≤°‡≤æ ‡≤?‡≤≤‡≥ç‡≤≤‡≤∞‡≤ø ‡≤?‡≤® ‡≤π‡≤?‡≤? ‡≤¨‡≤∞‡≤§‡≤æ‡≤∞	"[4, 5, 7, 8]"
@sharath sharu nin ammun tullge nayi mari tunne sigaka yako sule magne nin dagar sule maga adung adtiya	"[6, 7, 8, 9, 10, 11, 12, 13, 14, 15, 16, 17, 18, 19]"
@shiva prakash lol jmlmlnnnn.	[]
@Sowjanya M.Y ha...sister	[]
@Srihari Y Gdeepak	[]
@Sunil Vd ‡≤ß‡≤®‡≥ç‡≤Ø‡≤µ‡≤æ‡≤¶‡≤?‡≤≥‡≥Å	[]
@Thejas Gowda Lee sulemagane   fans Kade ‡≤?‡≤?‡≤¶ ‡≤∏‡≤™‡≥?‡≤∞‡≥ç‡≤?‡≥ç ‡≤?‡≤?‡≤¶‡≤∞‡≥?	[]
@Thippesh S sikkilla bro	[]
@TROLL MONSTER_KANNADA adikke hendhi kivi na hardu jail ge hoda sule maga yaruu	"[11, 12, 13]"
@TROLL MONSTER_KANNADA jail ge hog bandh sule maga	"[7, 8]"
@TROLL MONSTER_KANNADA le baibeda avnu Boss fane kano ravindra	[8]
@TROLL MONSTER_KANNADA le sakat dialouges kanla..... next nim boobs film ge neene ide dialouges na haakolli.... hengidru ade thaane yelru maathadodu.... film nodkondu yella fans galu obrann obru baikond iri....?§£	"[12, 13, 14, 15, 16, 17, 18, 19, 27, 28, 29, 30, 31, 32]"
@TROLL MONSTER_KANNADA nin yavano helake sule magane	"[5, 6, 7]"
@TROLL MONSTER_KANNADA nNimm Todeya release gu modale damaar	"[6, 7, 8]"
@Troll Stupid Fans neenu Darshan ge huttirbeku adike avn bagge ne mathadthidiya nimman thulna keyya soole magane.nim amman thull ge kathe thunne sigaka hogi bale akolo aaa gaandu lucha thara	"[13, 14, 15, 16, 17, 18, 19, 20, 21, 22, 23, 24, 25, 26, 27, 28, 29, 30, 31, 32]"
@Unity of India ‡≤®‡≤æ‡≤µ‡≥? ‡≤¨‡≥ç‡≤∞‡≤π‡≥ç‡≤Æ‡≤£‡≤∞‡≥Å ‡≤?‡≤?‡≥Å‡≤µ‡≥Å‡≤¶‡≤ø‡≤≤‡≥ç‡≤≤ ‡≤è‡≤?‡≥?‡≤?‡≤¶‡≥ç‡≤∞‡≥? ‡≤?‡≤µ‡≤∞‡≥Å ‡≤?‡≤?‡≤ß‡≤?‡≤æ‡≤∞‡≤≤‡≤ø  ‡≤¨‡≤¶‡≥Å‡≤?‡≥Å‡≤§‡≤æ‡≤∞‡≥? ‡≤®‡≤æ‡≤µ‡≥Å ‡≤?‡≤≥‡≥? ‡≤π‡≤ø‡≤?‡≤¶‡≥?‡≤?‡≤≥‡≥? ‡≤?‡≤¶‡≥ç‡≤∞‡≥? ‡≤π‡≤ø‡≤?‡≤¶‡≥?‡≤?‡≤≥‡≥? ‡≤π‡≤ø‡≤?‡≤¶‡≥?‡≤?‡≤æ‡≤≥ ‡≤Æ‡≥?‡≤≤‡≥?‡≤®‡≥? ‡≤?‡≤®‡≥ç‡≤Ø‡≤æ‡≤Ø ‡≤Æ‡≤æ‡≤°‡≥ç‡≤§‡≤æ‡≤∞‡≥? ‡≤?‡≤ß‡≥?‡≤∏‡≥ç‡≤?‡≤∞ ‡≤®‡≤æ‡≤µ‡≥Å ‡≤π‡≤ø‡≤?‡≤¶‡≥? ‡≤ß‡≤∞‡≥ç‡≤Æ ‡≤¨‡≤ø‡≤?‡≥ç‡≤?‡≥Å ‡≤™‡≤µ‡≤ø‡≤§‡≥ç‡≤∞‡≤æ ‡≤¨‡≥?‡≤µ‡≥ç‡≤¶ ‡≤ß‡≤∞‡≥ç‡≤Æ‡≤?‡≥? ‡≤¨‡≥Å‡≤ß‡≤® ‡≤¶‡≤æ‡≤∞‡≤ø‡≤Ø‡≤≤‡≤ø ‡≤®‡≤°‡≥?‡≤Ø‡≥Å‡≤§‡≥ç‡≤§‡≥?‡≤µ‡≥? ‡≤®‡≤æ‡≤µ‡≥Å ‡≤®‡≤°‡≥?‡≤¶‡≥? ‡≤®‡≤°‡≥?‡≤Ø‡≤ø‡≤§‡≥?‡≤µ‡≥? ‡≤≠‡≤æ‡≤∞‡≤§ ‡≤¨‡≥Å‡≤¶‡≥ç‡≤ß ‡≤∞‡≤æ‡≤?‡≥Å‡≤§‡≥ç‡≤§‡≥?‡≤µ‡≥?	[34]
@VARAPRASAD K K balegaara banda nin Amman ge bale idsakke dagaar banda nin Amman keyyakke soole magne	"[5, 6, 7, 8, 9, 10, 11, 12, 13, 14, 15, 16, 17, 18]"
@Vinay kumar banthu jaathi naayi savi savi nenapu soole sudeepu pans for a reason ?§£?§™	"[8, 9, 10, 11, 12]"
@Vinay Yogeesh yar avnu	[]
@Vinod Kumar.C ‡≥ß‡≥¶‡≥¶% ‡≤®‡≤ø‡≤? ‡≤π‡≥?‡≤≥‡≤ø‡≤¶‡≥? ‡≤?‡≥Å‡≤∞‡≥Å	[]
@Vishal Shetty neenu beedhi soole maga antha gotthu bidu.... hogi beedhili nintko....?§£	"[4, 5, 6, 7, 8, 9, 10, 11, 12]"
@Vishal Shetty ‡≤π‡≥Å... ‡≤π‡≥?‡≤¶‡≥?‡≤¶‡≥Å ... ‡≤®‡≤ø‡≤®‡≤?‡≥? ‡≤?‡≥?‡≤≤‡≤∏ ‡≤?‡≤æ‡≤∏‡≥ç‡≤§‡≤ø.... ‡≤Æ‡≥?‡≤¶‡≤≤‡≥? ‡≤?‡≤?‡≤°‡≥Å ‡≤°‡≤?‡≤æ‡≤∞‡≥ç ‡≤®‡≥?‡≤®‡≥Å.... ‡≤?‡≤¶‡≥?‡≤∑‡≥ç‡≤?‡≥Å gay‡≤?‡≤≥‡≥Å ‡≤?‡≤æ‡≤¶‡≤ø‡≤∞‡≥Å‡≤§‡≥ç‡≤§‡≤æ‡≤∞‡≥? ‡≤è‡≤®‡≥?.... ‡≤π‡≥?‡≤?‡≥Å ‡≤?‡≥?‡≤≤‡≥ç‡≤∏ ‡≤®‡≥?‡≤°‡≥ç‡≤?‡≥?.... ‡≤¶‡≤ø‡≤®‡≤¶ ‡≤?‡≤∞‡≥ç‡≤?‡≤ø‡≤?‡≥? ‡≤¨‡≥?‡≤?‡≤≤‡≥ç‡≤≤....	"[17, 18, 19, 20]"
@‡≤?‡≤®‡≥ç‡≤´‡≥?‡≤∏‡≥ç ‡≤?‡≤§‡≥ç‡≤Æ houdu huliyaa	[2]
10 ‡≤Æ‡≤ø‡≤≤‡≤ø‡≤Ø‡≤®‡≥ç ‡≤µ‡≤ø‡≤µ‡≥ç‡≤∏‡≥ç ‡≤?‡≤?‡≥Å‡≤§‡≥ç‡≤§‡≥? ‡≤?‡≤®‡≥ç‡≤®‡≥?‡≤∞‡≥Å ‡≤≤‡≥?‡≤?‡≥ç ‡≤Æ‡≤æ‡≤°‡≤ø	"[5, 6]"
100 days pakka annoru like madi	[1]
3.39 ‡≤∞‡≥?‡≤∑‡≤≠‡≥ç ‡≤∂‡≥?‡≤?‡≥ç‡≤?‡≤ø	[]
6) vijaya devarakonda	[]
Aata barutta? 27 kke  show madtini	[3]
Abbabba.... Super movie	[]
Adarsh Sagar suppre	[]
Ajaneesh lokanatha sir nodiyo kaliyo arujuna janya	[4]
All d best from ballari NTR fans	[5]
All the Best sir...... ‡≤¶‡≥?‡≤µ‡≤∞‡≥Å ‡≤®‡≤ø‡≤Æ‡≤?‡≥? ‡≤?‡≤≥‡≥ç‡≤≥‡≥?‡≤¶‡≥Å ‡≤Æ‡≤æ‡≤°‡≤≤‡≤ø ... ‡≤?‡≤≤‡≥ç‡≤≤‡≤∞ ‡≤?‡≥?‡≤µ‡≤®‡≤¶‡≤≤‡≥ç‡≤≤‡≤ø ‡≤è‡≤≥‡≥Å ‡≤¨‡≥?‡≤≥‡≥Å ‡≤?‡≤®‡≥ç‡≤®‡≥?‡≤¶‡≥Å ‡≤?‡≤¶‡≥ç‡≤¶‡≥? ‡≤?‡≤∞‡≥Å‡≤§‡≥ç‡≤§‡≥? ‡≤?‡≤∑‡≥ç‡≤? ‡≤?‡≤®‡≥ç‡≤®‡≥?‡≤¶‡≥Å ‡≤Ø‡≤æ‡≤∞‡≤ø‡≤?‡≥? ‡≤¨‡≤ø‡≤°‡≥?‡≤≤‡≥ç‡≤≤‡≤æ ‡≤¨‡≤∞‡≥? ‡≤?‡≤∑‡≥ç‡≤?‡≤?‡≤≥‡≤®‡≥ç‡≤® ‡≤ß‡≥?‡≤∞‡≥ç‡≤Ø‡≤¶‡≤ø‡≤?‡≤¶ ‡≤?‡≤¶‡≥Å‡≤∞‡≤ø‡≤∏‡≥?‡≤∞‡≥? ‡≤®‡≤ø‡≤?‡≤µ‡≤æ‡≤¶ ‡≤π‡≥?‡≤∞‡≥?‡≤?‡≤≥‡≥Å	"[21, 22, 23, 24]"
Allow illo kelid nenapu	[]
Anna aa game yavdu	"[1, 2]"
Anna niv super agi creative maadthira super Anna	[]
anna sakatagi matadidya  i like you  anna	"[4, 5, 6]"
Anna Saudi Arabia li release maadi	[]
Anna super agi edit madidiya	[]
Arjun janyan karkond bandu music kelisiri	[]
ASHWATH SIR ACTING	[]
Asn jai kannada	[]
astena sir innu sawlpa chanagi hellbekithu tik tok kalli galige super guru	[]
Avana Basha Yevadu	[]
Avane Srimannarayana beats KGF	"[1, 2, 3]"
Avanu bartidane get ready	[]
Avl amman tullu navenu Chinese mobile	"[0, 1, 2, 3, 4, 5]"
Awalegia gandane yake hadabeku bere yaradru hadabhdal	"[4, 5, 6]"
Awesome song guru	[]
Ayyo gubalgala only tiktok tiktok antha odkotavre only not tiktok 59 apps ban agirodu	[]
Ban maadirodakke tumba thanks matte ee tara aap barde irali	[]
ban tik tok	[]
Bari ante kante Gale agoytu. Enadru solid proof torsri avar edare annoke.	[]
Bari hemme alla Praana itkondivi  nam Kannadada mele.	"[3, 4, 5, 6, 7]"
Barri dabba movie ne unn maado du	[]
basavanneyya pujar Howdu huliya	[2]
basavaraj tambak artha madbeku movie na movie thara nodbeku	[]
Below average songs	"[0, 1, 2]"
Bere singer ge ee song kettidre innu cholo keltittu	"[7, 8]"
Best episode sir	[]
Best song super nam boss movie e sala havli namde	[]
Bgm and dance super	[]
BGM SOUND SUPER  SONG SUPER	[]
BGM yav Hollywood gu kammi illa. Amazing song	"[3, 4, 5, 6, 7]"
Bgm..nnWaiting AVANE SRIMANNARAYAN and YUVARTHNAA	"[2, 3, 4, 5]"
BH cu VG	[]
Bidu guru vorkolru edri moduke hogudu nLike China nodi navu bega fast hagbekantilva hage	[13]
Bindu gowda hello!.... Koltogiro kobri mithaayi mukdavlene?§≠?§?	"[3, 4, 5, 6, 7]"
Bindu gowda lofer avlu	[2]
Blockbuster agli annovru like Madi	[]
Bro navu arvinda tilkotidivi andre navu avrige yenadru kodbeku dodd dodd channel galige hinde dodd vyakti irtare so skip madade nodi avrigu duddu barli  .	"[12, 13, 14, 15, 16, 17, 18, 19, 20, 21, 22, 23]"
Bro neenu Heludhu Sarine	[]
Bro ninge roost madakke baralla Rc ge nodi kali	[]
Bro nivu yava game adtaiyidara please comment	"[3, 4, 5, 6]"
Bro starting baruttalla adu game name yaavdu plz heli bro plz	"[4, 5, 6, 7]"
Bro super super?•∞?•∞?•∞	[]
Bro super video bro... Eglaaaa adru buddhi barli namm e janagaligi	[]
Bro tiktok ban bagge bejar agiro nayi galige innu mut nodkollo hage roast madu bro plzz...aa lofar nayi galige nam desha kinta ade bekagide nayigalige...	"[10, 11, 12, 15, 16, 17, 18, 19, 20, 21, 22, 23, 24, 25, 26]"
bro troll sakkattagi madtira...	[]
Bro yav game	[]
Bro yav ooru nivu	[]
bro ‡≤®‡≤ø‡≤® ‡≤π‡≤§‡≥ç‡≤∞ ‡≤è‡≤®‡≤æ‡≤¶‡≤∞‡≥? idea idre ‡≤π‡≥?‡≤≥‡≤¨‡≤π‡≥Å‡≤¶‡≥Å alva ?	"[5, 7]"
Bro.... Suprb......ur voice is amazing....?!!!	[]
But marketingu money spend maadbeku low budget eddaga kasta agutte	"[5, 6]"
C.C camera etter yn saytira yalla fak	"[2, 3, 4]"
Charetra hustsodu avatara	[]
Chennagi ede song super	[]
China avru nan shata	"[2, 3]"
Chinddi  guru	[]
Chindi guru... tik tok ban agi yar thika urkoltha avree avru hogi Indian army mathe Modhiji naa keli..! Lowda antha tik tok li questions madodala..!!!	"[7, 9, 10, 11, 12, 14, 15, 16, 17, 18, 19, 20, 21, 22, 23, 24, 25]"
Corona dhinda theatre Alli cinema nodokke aaglilla maga. Mathhe nodthini. Cinema direction  adbutha madidya.	"[6, 7, 8, 9, 10, 11, 12, 13, 14]"
corrcet aghi baydidira doddhu hero thara adthare thu....	"[2, 3, 4, 5, 6, 7, 8]"
Creatagi ethu bro	[]
D. Boss abhimani kadeyinda	"[2, 3]"
Demand ‡≤?‡≤∞‡≥Å‡≤≥‡≥ç‡≤≥‡≤ø‡≤?‡≥? ‡≤¨‡≤ø‡≤?‡≥ç‡≤∞‡≥?nNEXTn‡≤®‡≤Æ‡≥ç‡≤Æ ASN ‡≤®‡≤æ ‡≤π‡≤ø‡≤?‡≤¶‡≤ø‡≤Ø‡≤≤‡≥ç‡≤≤‡≤ø promote ‡≤Æ‡≤æ‡≤°‡≤ø ‡≤?‡≤®‡≥ç‡≤®‡≥Å‡≤µ‡≤µ‡≤∞‡≥? ‡≤π‡≥?‡≤?‡≥ç‡≤?‡≥Å	[8]
Disliked people's listn1)rashmikan2)rashmika's mothern3)rashmika's fathern4)rashmika's relativesn5)& rashmika's fans.	"[6, 7, 8, 9, 10, 11]"
Diy supar movise	[]
Dodda dodda natarella ellodro.. thu... you are really great sir...	"[3, 4, 5, 6, 7, 8, 9, 10]"
E film kgf level ig erbhodu annoru like maadi adunnu meersbhodu annoru comment maadi ...	[]
E song ge tik tok madidavaru like madi	"[5, 6]"
Edakke politics bittu voggattagi kelsa madidrene munde barakke sadya.	[]
Edralli nivu enu overagi mathadilla bro	"[3, 4]"
Edu charitre srustiso movie	[]
Edu edu kannada industry... Olle kalavidrige	[]
Ee film chennagide. Nanu nodide. Neevoo nodi.	[]
Ee song nodidmel kado kattakade preshne......Next song yavaga???!	[]
Eega ellakade ursthayirodu kannadigare	[3]
En edit madidya guru	[]
En guru song akkan idu song Andre akkan navgothalla	[]
En guru song idu awesome steps are just amazing	[]
En guru song nHowdoo huliyaaaa	[]
En helde guru sakkath.tik tok madorgella super agi heldre	[]
En heldhe guru	[]
En song madidiri boss ninne inda 20 sari kelidini innu kelbeku kelbeku antha anstide	[]
Enayya Neel acting yapppa	[]
Ennu.   Madu. Guru eee sule magllu du. Troll. Na	"[6, 8]"
Enta super song	[]
Entha movie multi language barbeku	[]
entha song gu dislike madidare ala broo	"[5, 6]"
Entha song na dislike madtiralla loafer nan makkala thu nim janumakke	"[5, 6, 7, 8, 9, 10, 11]"
Enu anta matadtiyo hichha ninge? Lofer	"[1, 2, 3, 4, 5]"
Ethu guru Song Endare	[]
Even i felt the same..	[]
Fan war bittu dhayvittu ee movie ge support madrappa nam kannada movie Hollywood level ge barli.	[]
Fast ban madro tiktok na agtila nodake evrgal atana	"[6, 7, 8]"
Film Andre idu. Super movie	[]
Film hit ahagokai e tharadha song irbaiku	[]
Finally sonu gowda b day dhinane tiktok ban aythu	[]
Firstu neen beldu	[]
Full kdk	"[0, 1]"
Gaali maathina bajaaru suddi saarise sumaaru...	"[3, 4, 5]"
Gali matina tune best	[2]
Game name  bro	[0]
Game yavadu bro adu	[0]
Gentleman sir nevu	[]
Good Human being....	"[0, 1]"
Gultu kuda same problem face madittu	[]
Gun ‡≤π‡≥?‡≤∏‡≥ç‡≤∞‡≥Å ‡≤?‡≤®‡≤µ‡≤∞‡≤§ ‡≤?‡≤∞‡≥ç‡≤¨‡≤π‡≥Å‡≤¶‡≤æ? ?§??§??§?n‡≤?‡≥?‡≤§‡≥ç‡≤§‡≤ø‡≤≤‡≥ç‡≤≤ ‡≤?‡≤¶‡≥ç‡≤∞‡≥Å ‡≤?‡≤∞‡≤¨‡≤π‡≥Å‡≤¶‡≥Å	"[2, 3, 4, 5, 6]"
Guru en helde guru suuuuper nE China deshdorge huttiro Nan maklu nodire jamun juice agigirutte pakka guru nin voice dialogue keltidre keltane irbeku anstide guru ..... But suuuuuuuuuper	[]
Guru ninu super	[]
Guru nun super super super	[]
Guru same feeling...	[]
Hagadare kaleyugaku antya edhe antha aytu ero ast Dina enjoy madkond erbekappa	"[6, 7, 10, 11]"
Hahaha sisya yavano nin mobile hegrisidane antha kansutte hahahaha...	"[3, 4, 5, 6, 7, 8]"
Hands up    matte song kelbeku anta ansorige	[]
Hands up kannadigaru?§?	[]
Hands up ‡≤?‡≤¶‡≥Å ‡≤∞‡≤?‡≥ç‡≤∑‡≤§‡≥ç ‡≤?‡≤µ‡≤§‡≤æ‡≤∞	[]
Hands up ‡≤π‡≤ø‡≤¶‡≥Å ‡≤?‡≤®‡≤æ‡≤µ‡≤∞‡≤§	[]
Hands up..Hands up...tan tan Tanana..Chindi Guru Chindi..	[]
hands upppppppp super song?•∞?•∞	[]
Hanna neve super	[]
Happy new year guru	[]
Harisa ... SOOPER  annthamma.	[]
Hi friends nanna atira ondu kate ide adanna short movie maadbeku antha ase adre adu agtailla please saport maadi 7875182258 idu nanna no	"[13, 14, 15, 16, 17, 18, 19, 20, 21, 22]"
Hindiyelli film release madbekittu bro	[]
Hollywood ge kanoo	[]
Hoooo super guru nin voice bhal superrrr	[3]
how u told ?nivu heg heltiya bro	[4]
Howdu howdu howdu...	[]
Howduu actually eee video nodakku munche Indaanu  nange ide reethi tumbaa saari hagu pade pade yeshto baari kansu beeltittu heege obbaa vyakti Shiva devastana hatra irtane naanu devastaaana dinda aache baruvaga nanna hatra idid bilpatre na keltane but duddu maatra eeskolala but hieght agirtare tanned skin tone forehead poorthi gaaya agirutte but full body ashtaag kansalli gottagallaa but ivatt eee video nodid mele mostly avre irbeku antha anstu	"[12, 13, 14, 15, 28, 30, 33, 34, 35, 36, 38, 52, 53, 54, 55, 56, 57, 58, 59, 61, 62, 63, 64, 66, 67]"
Hudgir comment hodadre yast like billatavala	[]
I love you bro nice talking style	[5]
I ‡≤∏‡≥?‡≤™‡≤∞‡≥ç Brother	[2]
Idanna odidre nimdu kuda love marriage anta namg ansta ide	"[6, 7, 8, 9]"
Idu asli maathu Andre	[]
idu avane Sri man narayan	[]
idu charithre srishtisuva comment guru..	[]
idu charitre shrushtrisuva avatara = idu charithre shrushtusuva haadu	[]
Idu charitre srushtiso avatara e line kelidmele tak anta nenpagodu vijay prakash sir annovru like madi	"[11, 13, 14]"
Idu charitre srushtiso cinemanee...	[]
Idu charitre srustiso  avathara...	[]
Idu charitre srustiso avatara super sir	[]
idu charitre srustiso avathara..	[]
idu charitre srustisuv  avatar -----------	[]
Idu Fantasy Film tara kantide alva?	[]
igun kaldalli 60 years badkodhe kasta 5000 varsa irtara yakro janara inocentna use madkotira	"[9, 10, 11, 12, 13]"
I'm uttar Karnataka love janapda	[]
Innu swalpa Sanskrit nalli baybeku guru	"[2, 3, 4]"
Instagram fallow back kodi Nev obre alla eradu	"[3, 4, 5, 6]"
Inta kithhodda Sule Maklige tiktok ban Agedu olled aithu	"[1, 2, 3, 4, 5, 6, 7, 8]"
It's like Good bad weird	"[2, 3, 4]"
Ivnu soole maga pakka. Ivnu yash fan bandu hen kelsa madthavne nodro soole maga	"[1, 2, 3, 4, 8, 10, 12, 13]"
Jai D Boss	[]
Jai Hind  jai Karnatakan               AndnSuper song bro	[]
January yalli nodidavaru like madi	[]
Kachada Nan nagini gane	"[0, 1, 2]"
Kannada film  industry avaru sir solpa nodi rii yen madta ididra inta ashvath sir avara maga ondu sanni veshe dalli kalsa Kodi	"[12, 15, 16, 17, 18, 20, 21]"
Kannada industry ali estu dodda dodda nayakaru edira nimana nivu nima work ali nivu busy agodu bittu e kannada natanana mathe ondu chance kodsi avarge help madi.....hale natarana maribedi plzzz	"[20, 21, 22, 23, 24, 25, 26, 27, 28, 29, 30, 31]"
Kannada movie songs  Kannada movie All No 1	[]
Kannada padagala jodane adhbhutha	[]
Kannadada hemmeya asn filme annoru like madi	[]
Kannadadalle bandilla innu	[]
karthick s I said dislikers	[4]
Keli kaadiruva baandavaarenBhuviyalli avana arithavaarenYaarila bidinMunnudinIddaradondu dantakathenNalku dikkinalu bekavanunBanduku hidida manavanunThale melide keeretanViraatanGuri bennato netaaranunGalli maatina bazaarunSuddi saaride sumaarunPaatrada parichaya irovrunEe badukige ide Ghana  hesarunHands up idu AnavaraatanHands up Na agnyata nHands up ide vedanta nIdu charithre srushtiso avataara	"[3, 4, 5, 6, 7, 8, 9, 10, 11, 12, 13, 14, 15, 16, 17, 18, 19, 20, 21, 22, 23, 24]"
Keli kadiruva bandhavarenBhuviyalli avana aritavarenYarilla bidi	"[0, 1, 2, 3, 4]"
Keli kadiruva bandhavarenBhuviyalli avana aritavarenYarilla bidi	"[0, 1, 2, 3, 4]"
Kelta kelta finally idu kick kodtu. excellent	[]
Kelv bvc galu ..nam India dalli eddare Anna...a bvc galu chna ap use madthare anna	[]
Kolath hogiro kobhari mukadhavale?§£?§£?§£	[2]
Krishana  shapa tatteleebeku	[]
Kuladalli keelyavudo huchappa	[]
Kushi avare nimma mele thumba love aagide . Great acting	[3]
Last scene nali spoon ogediddu Rishab shetty na?	"[3, 4, 5, 7]"
Last scene nice guru	[]
Lo gaandu nan magne d boss fans yake sata tariyoke dislike madtara nBere avru nodi urkolokke en avru bucket and balegara fans he	"[1, 2, 3, 4, 5, 6, 7, 8, 9, 10, 11, 12, 13, 14, 15, 16, 17, 18, 19, 20, 21, 22]"
lo thagari thippa suppr kano	"[3, 4]"
Looks like dboss dancing.... ..from dboss fan...	[4]
Love you sir super one	[]
Lucchan Tara para basheyavra thika nekkbardu ashte Alva guru	"[4, 5, 7]"
Lv u rrr shetty super	[]
Lyrics super guru.	[]
Maga super song	[0]
Mastt AG helidna guru	[]
miss ella madkololla bidi i can downlode in teligram or  swalpa dena odre tv nalle bharuthe	"[11, 12, 14, 15]"
Modi idare don't worry	[]
Movie nija chanagila guru	[2]
Movie nodilla andre nimagu ‚?? HANDS UP !!!!!‚?ù	"[2, 3, 4, 7]"
Movie rerelease madi plss	[]
Movie super guro	[]
Movie yavaga boss	[]
Music  super	[]
My favorite song in 2019 is Taaja samachara   ‡≤∏‡≤æ‡≤π‡≤ø‡≤§‡≥ç‡≤Ø ‡≤™‡≥ç‡≤∞‡≤ø‡≤Ø‡≤∞‡≥? ‡≤?‡≤Æ‡≥ç‡≤Æ‡≥? ‡≤? ‡≤π‡≤æ‡≤°‡≥Å ‡≤?‡≥?‡≤≥‡≤ø‡≤¶‡≥ç‡≤∞‡≥? ‡≤?‡≥?‡≤≥‡≥ç‡≤§‡≤æ‡≤®‡≥? ‡≤?‡≤∞‡≥ç‡≤¨‡≥?‡≤?‡≥Å ‡≤?‡≤®‡≥ç‡≤∏‡≥Å‡≤§‡≥ç‡≤§‡≥?....  Everybody watch this	[]
My favourite song edu steps super	[]
Nam boss avru Nam boss ivru antha kachadtirornella onde kade  sersi maja kodone shree mannarayan	"[6, 7, 8, 9, 10, 11, 12, 13, 14, 15]"
Nam salwagi kadiyali eddu kasta padtare army dauaru  but ewrige tiktok du hatide thunima  India dali edre India jana hage erli thoo nima chanagi matadiya anna tq	"[19, 20, 21, 24]"
Namm department nalli clark kaali adaaw yaradru candidates edry hyli n9901919091 WhatsApp msg maadriii	"[6, 7, 8, 9, 10, 11, 12, 13]"
Namma hero rakshit	[]
Namma Huduga super agi madavnne super darlings	[]
Namma tande nu heege sir	[]
Nan tik tok account ne delete madi uninstall madidhini bro..	[]
Nanu 999999999999999999999999999999999999999999999999999999999999999999999999999999999999999999999999999999999999999999999999999999999999999999999999999999999999999999999999999999999999999999999999999999999999999999999999999999999999 sala ee songaanu keele dini	[]
Nanu kellida uthammavada maatugallu thanks sir	[]
Nanu tiktok madtide Anna but tiktok ban madidu tumba kushi aytu Anna I support Indians	[]
Navalla guru politicians change agbeku kachda galu	[5]
Nee super guru......	[]
Neene compose madappa hogu	"[0, 1, 2, 3]"
Nev super sir	[0]
Nice bro ... Nanu ella China apps delete madidini	[]
Nice sir rakshit shettya	[]
Nice song guru but rashmika mandana Miss	[]
Nice song i like	[]
Nija heliddiya guru.nEvr mane yaradru bordernalli sattidre gottagodu.	"[3, 4, 5, 6, 7]"
Nija na ?§??§??§?	[]
Nija vada mathu	[]
Nijvaglu charitre srushtiso avataara	[]
Nim song antu super ?§ù	[]
Nimge olledagli sir god bless you Sir	[]
Nimma mahithi 100% sathya yavaga etharahada rajakaranigalinda deshakke mukthi sigatho aa devarigu kuda gothilla adare next generation avaru sadane madabahudu	[]
Nimma Narayana na avathara Charithre Srustisali..... Olledagali	[]
Nin prakhara yavdu hit movie in 2019.	"[0, 1]"
Nin voice super anna continue instalgram rost rost	"[0, 6, 7]"
Nivu pan India film Madi sir nivu Nam sandalwood most handsome hunk	"[6, 8, 9, 10, 11]"
NkN  ‡≤¨‡≥?‡≤?‡≤?‡≤ø   song guru	[]
Nkn ‡≤®‡≤æ‡≤µ‡≥Å ‡≤?‡≥?‡≤§‡≥ç‡≤§‡≤≤‡≤æ ‡≤¨‡≤?‡≤¶‡≥ç‡≤∞‡≥? ‡≤®‡≤ø‡≤®‡≥ç ‡≤§‡≥Å‡≤≤‡≥ç‡≤≤‡≤∞‡≥? ‡≤?‡≥?‡≤°‡≥ç‡≤§‡≥?‡≤µ‡≤ø..	[]
No words! Awww	[]
Odeya film yeng edhe nodudra	[4]
Og avn tunne unnu first	"[2, 3, 4]"
Olle kannada song anthane helbahudhu	[]
ondu sakagalla Inna beku	[]
Ondu trailer cut madak saryag baralla.trailet nodokke kasta agthide	[]
Pacca edu charetre shrushisti  so avatara	[5]
Pakka full gicchi gilili song... En song pa benki aiti.... Pakka ella record nu muriteti  .... Jai Karnataka	[]
Pakkar agidhe .......song	[]
Prajakeeya barle beku	[]
pratham hel oda	[]
Priswi Perera changide guru	[]
Promotion chennagi nadtilla	[]
Pruthvi avara acting anthu nanna avarisikondu bittide .nanna friend helidda thayi sentimentalli avara acting nodi ninu emotional agthiya nodu antha.adre nanu nanu aagalla andidde.adre aa scene nodbittu nanu ankonde. evarige national award kodbeku antha.	[]
Rakshit shetty ?§?	[]
Rango cartoon movie... nice movie	[]
Rashimika ilde iro avtara	[]
Rashmika gube fans irbekhu	[]
Rashmika Manddana goskra one sari  hogtini movie goskra Dina hogtina	[]
Repeat mood guru	[]
sakkath ag helde guru	[]
Salute for music	[]
Sampoorna kannadada hadu thumba channagide	[]
Sannavridvi idanna caset haaki keltidvi. Vatta maryakaagangilla.. uttara karnatakad maat kati sobugandra hinga nodri namd..	"[8, 9, 10, 11, 12, 13, 14]"
Sariyaaagi bydidira... Actually Olle Olle kelsa madidare app ban maadi.. I hate tik tok	[]
Satyana edu devare	[]
Shivaraj Shivu nnimm number kodri	[]
Sholay makalu China	[]
Signature step	[]
Signature steps thumba channagide sir .	[]
Sir ee varshada sikshanada bagge tilisi	[]
sir in Mamata kotigobba	[]
Sir Nimma Swabhimana innu jasthi agli hage Devru nimge innu jasthi Shakthi kodli antha devaranna nanu kelikolluthene	"[6, 7, 8, 9, 10, 11, 12, 13, 14, 15, 16]"
Sir ondu mathu nange thumba esta aithu ‡≤π‡≥?‡≤?‡≤≥‡≤ø‡≤?‡≥? ‡≤π‡≥?‡≤?‡≥ç‡≤?‡≥? ‡≤§‡≥Å‡≤?‡≤¨‡≤ø‡≤∏‡≤≤‡≥ç‡≤≤ ‡≤¶‡≥Å‡≤°‡≤ø‡≤Æ‡≥? ‡≤π‡≥?‡≤?‡≥ç‡≤?‡≥? ‡≤§‡≥Å‡≤?‡≤¨‡≤ø‡≤∏‡≤§‡≥ç‡≤§‡≥? ‡≤®‡≤ø‡≤? ‡≤∏‡≤∞‡≥ç	"[10, 11, 12, 13, 14]"
Sir super matadidre	[]
Sir ‡≤®‡≤ø‡≤Æ‡≥ç‡≤Æ ‡≤Æ‡≤æ‡≤§‡≥Å 100 ‡≤?‡≥ç‡≤?‡≥? ‡≥ß‡≥¶‡≥¶% ‡≤∏‡≤§‡≥ç‡≤Ø..	"[3, 4, 5, 6]"
Slow poison song annoru like madi...	[]
So called ‡≤¶‡≥?‡≤°‡≥ç‡≤° ‡≤¶‡≥?‡≤°‡≥ç‡≤° ‡≤∏‡≥ç‡≤?‡≤æ‡≤∞‡≥ç ‡≤®‡≤?‡≤∞‡≥Å ‡≤?‡≤?‡≤§‡≤π ‡≤?‡≤ø‡≤§‡≥ç‡≤∞‡≤?‡≤≥ ‡≤¨‡≤?‡≥ç‡≤?‡≥?‡≤®‡≥? ‡≤∏‡≥ç‡≤µ‡≤≤‡≥ç‡≤™ ‡≤?‡≤Æ‡≤® ‡≤?‡≥?‡≤?‡≥ç‡≤∞‡≥? ‡≤?‡≤®‡≥ç‡≤®‡≤° ‡≤?‡≤ø‡≤§‡≥ç‡≤∞‡≥?‡≤¶‡≥ç‡≤Ø‡≤Æ ‡≤?‡≤≥‡≥ç‡≤≥‡≥?‡≤Ø ‡≤?‡≤§‡≥ç‡≤§‡≤∞‡≤?‡≥ç‡≤?‡≥? ‡≤¨‡≥?‡≤≥‡≥?‡≤Ø‡≥Å‡≤§‡≥ç‡≤§‡≥?	"[3, 4, 5, 6, 7, 8, 10, 11, 12, 13, 14, 15, 16]"
Solid song making	[]
Solpa beat jor madbekagittu	[]
Song chindi chitranna guru	[]
Song chindi guru ?•∞?•∞	[]
Song superrrrr bro	[]
Soori anba song nodi bandavru  like maadi	[]
Spr hero raksitsetty sir	[]
Spr ‡≤?‡≥? ‡≤°‡≤ø ‡≤¨‡≤æ‡≤∏‡≥ç	[2]
Status nalli feelings haakondu	"[0, 2, 3]"
Sulemakale tic tok uninstall madi	[]
Super  channel super msg	[]
Super  jai kiccha sudeep anna	[]
super  ‡≤§‡≥?‡≤?‡≤∞‡≤ø  ‡≤§‡≤ø‡≤™‡≥?	[]
Super agi helidi anna	[]
Super agide song maatra Haaands Up  n940 dislikes and still counting	[]
Super anna	[]
Super anna super	[]
Super anna yenu thappila yela sari agi hellidira super	[]
Super bro	[]
Super bro	[]
Super bro nSakattag helidri	[]
Super creative kannadiga	[]
Super cute little song	[]
Super dance step	[]
Super drama	[]
Super duper movie kananda movie industry no1 movie	[]
Super edit anna	[]
Super guru	[]
Super guru	[]
Super Guru  l m full happy bro	[]
Super Guru entha troll Guru Ninangodu Salam Guru	[]
Super guru ninu love you	[]
Super guru tumba channag matadtira i like it	[]
super guru yellidde guru	[]
Super guru. Chinage huttida sooleaklige saryagi hugididiya	"[3, 4, 5, 6, 7]"
Super guru.. Sariyagi ugdidiya	[]
Super Hitt song	[]
Super meaning song	[]
Super movie  bera level kannada industry kodithe bro yellaru miss madthe nodbaku	[]
Super nakka nakka saakayatu	[]
Super rakhit we love u and kannada	[]
Super rakshit hands up songs super	[]
Super rashita Sir	[]
Super sipal star	[]
Super sir make in india	[]
Super sir. real hero nivu. Nimminda Navu kuda kalthkolodede	"[5, 6, 7, 8]"
Super sir..nanantu adella dwnld kuda madirlilla...420china	[7]
Super song	[]
Super song	[]
Super song  Handsup	[]
Super song bro	[]
super song guru	[]
Super stories. Ipadent	[]
Super togare tippa	[]
Super togari tipa	[]
Super togari tippa	[]
Super vice kanree nimdu	[]
Super video ?§©	[]
Super voice sir	[]
Super vp bgm	[]
Super VP sir	[]
Super your video  nice	[]
super ‡≤§‡≥?‡≤?‡≤∞‡≤ø ‡≤§‡≤ø‡≤™‡≥ç‡≤™	[]
Super ‡≤§‡≥?‡≤?‡≤∞‡≤ø ‡≤§‡≥?‡≤™‡≥ç‡≤™	[]
Super... Super... Super...	[]
Superb   Music	[]
Superb song	[]
Superb song nange esta aytu	[4]
Supperb Anna masth agi vedio madidhira	[]
Suryana Mari	[1]
tandhege takka maga	[2]
text	[]
Thank you sir	[1]
Theater alli beats sakath agi kelsta ettu guru	[]
Thooo ni chanalge nai maga	[4]
Those 1.3k dislikes are seems to be fan of rashmika	[]
Thu nem yogyathe ge maha vishnu hesaru ettu entha movie tegitira nachige agbeku nemge	"[0, 2, 3, 4, 5, 6, 7, 8, 9, 10, 11, 12, 13]"
Thumba chenagi ede	[]
Thumba vishaya galannu thilisi kotri Amar prasad ravare .thank you	[]
Tik tok ogidke urkondu ‡≤?‡≤™‡≥ç‡≤™‡≤ø‡≤?‡≥ç‡≤?‡≥Å agore bro	"[3, 4, 5]"
TikTok nan shata	"[1, 2]"
To L ok I oooo Havana it ok poop ok ok look like to do ok I'll i	[]
Trailer barii ide nodlebeku..	[]
Unique actor...... super maga	[]
very nice tippa story	[]
Vishwajeet chauhan ok da cool	[]
Volledagli sir nimge	[]
Vp super voice	[]
Waste of tym tiktok ban madbidbek	[1]
Well said bro well content	[]
What a making ?§≠?§≠?§≠ suppppperrrrr rakshith Shetty bro...ur a genius...Nam kannada indestry and kannadigru yargu yavdhrallu kadme Ella.. hatsup sir	[]
What a music ... nWhat a lyric...nWhat a choreography.... nWhat a camera working......nTotally awesome ... n‡≤®‡≤ø‡≤?‡≤?‡≥ç‡≤?‡≥? ‡≤?‡≤¶‡≥Å ‡≤?‡≤∞‡≤ø‡≤§‡≥ç‡≤∞‡≥? ‡≤∏‡≥?‡≤∑‡≥ç‡≤?‡≤ø‡≤∏‡≥? ‡≤?‡≤µ‡≤§‡≤æ‡≤∞... n‡≤?‡≤?‡≤®‡≥?‡≤∂‡≥ç ‡≤?‡≥Å‡≤∞‡≥Å‡≤?‡≤≥‡≥? ‡≤®‡≤ø‡≤Æ‡≤?‡≥?‡≤?‡≤¶‡≥Å ‡≤∏‡≤≤‡≤æ‡≤?...n‡≤∞‡≤?‡≥ç‡≤∑‡≤ø‡≤§‡≥ç ‡≤∂‡≥?‡≤?‡≥ç‡≤∞‡≥? ‡≤?‡≤≥‡≥ç‡≤≥‡≥?‡≤¶‡≤æ‡≤?‡≤≤‡≤ø ..n‡≤Æ‡≥?‡≤∞‡≥Å ‡≤µ‡≤∞‡≥ç‡≤∑ ‡≤™‡≤?‡≥ç‡≤? ‡≤∂‡≥ç‡≤∞‡≤Æ ‡≤´‡≤≤‡≤?‡≥?‡≤°‡≥Å‡≤µ‡≤?‡≤§‡≤æ‡≤?‡≤≤‡≤ø..... All the best to you sir	"[31, 32]"
What a music man....whaaaaaa	"[3, 4]"
Yako rascal stupid	"[0, 1]"
Yappa song super guruve?§£	[]
Yar yar jasti nidde madthira nn	"[4, 5]"
Yaru boss alla	[2]
Yaryaru matte nodtiddira like madi	[]
Yava game name	"[0, 1, 2]"
Yelli tanka jana moodnambke bidalvo alli tanka inta shatnayakru useless videos haktane irrtare guru.nMahabharata tumba olle moral story. Jeevanakke bekagiro tumba paata ide idralli. Adunella use madkondu olle jeevna madbeku aste.	[]
Yen helda guru super	[]
Yeno got agatilla innu kelebeku annastaide idu song bejare agatilla. Love you avane srimannarayana movie all the best	"[5, 12, 13, 14, 15, 16]"
Yes bro avaga song ajneesh sir voice alli ittu	[]
Yes hange kick kodta hogutte.. ‡≤?‡≤≥‡≥ç‡≤≥‡≥? synch ‡≤Æ‡≤æ‡≤°‡≤ø‡≤¶‡≥ç‡≤¶‡≤æ‡≤∞‡≥?..	[]
Yes song super	[]
You have bright future	"[0, 2]"
Yudha mada beku katukara?ß? munde oda ‚?çbaradu bhagavatgethe Who likes this line	"[4, 5, 6, 7, 8]"
